<?xml version="1.0"?>
<config xmlns:xsi="http://www.w3.org/2001/XMLSchema-instance" xsi:noNamespaceSchemaLocation="urn:magento:module:Magento_Config:etc/system_file.xsd">
    <system>
        <tab id="purplecommerce" translate="label" sortOrder="10">
            <label>purplecommerce</label>
        </tab>
        <section id="tickets" translate="label" sortOrder="130" showInDefault="1" showInWebsite="1" showInStore="1">
            <class>separator-top</class>
            <label>Support</label>
            <tab>purplecommerce</tab>
            <resource>PurpleCommerce_StoreLocator::storelocator_config</resource>
            <group id="general" translate="label" type="text" sortOrder="10" showInDefault="1" showInWebsite="0" showInStore="0">
                <label>General Configuration</label>
                <field id="enable" translate="label" type="select" sortOrder="1" showInDefault="1" showInWebsite="0" showInStore="0">
                    <label>Module Enable</label>
                    <source_model>Magento\Config\Model\Config\Source\Yesno</source_model>
                </field>
                <field id="pc_primary_email" translate="label" type="text" sortOrder="16" showInDefault="1" showInWebsite="0" showInStore="0">
                    <label>Primary Email Ids</label>
                    <validate>validate-emails</validate>
                    <comment>Comma seprated emails</comment>
                </field>
                <field id="pc_escaltion_email" translate="label" type="text" sortOrder="16" showInDefault="1" showInWebsite="0" showInStore="0">
                    <label>Escalation Email Ids</label>
                    <validate>validate-emails</validate>
                    <comment>Comma seprated emails</comment>
                </field>
                <field id="pc_escaltion_days" translate="label" type="text" sortOrder="16" showInDefault="1" showInWebsite="0" showInStore="0">
                    <label>Escalation Days</label>
                    <validate>validate-digits</validate>
                    <comment>After above days email will be Escalated</comment>
                </field>
            </group>
        </section>
    </system>
</config>