<?xml version="1.0"?>
<config xmlns:xsi="http://www.w3.org/2001/XMLSchema-instance" xsi:noNamespaceSchemaLocation="urn:magento:framework:App/etc/routes.xsd">
    <router id="admin">
        <route id="productenquiry" frontName="productenquiry">
            <module name="PurpleCommerce_ProductEnquiry" />
        </route>
        <!-- <route id="cmsProductEnquiry" frontName="cmsProductEnquiry">
            <module name="PurpleCommerce_ProductEnquiry"/>
        </route> -->
    </router>
</config>