<?xml version="1.0"?>
<schema xmlns:xsi="http://www.w3.org/2001/XMLSchema-instance" xsi:noNamespaceSchemaLocation="urn:magento:framework:Setup/Declaration/Schema/etc/schema.xsd">
  <table name="pc_productenquiry_records" resource="default" engine="innodb" comment="Row Data Table">
    <column xsi:type="int" name="entity_id" padding="11" unsigned="false" nullable="false" identity="true" comment="ProductEnquiry Record Id"/>
    <column xsi:type="varchar" name="name" nullable="false" length="255" comment="Name"/>
    <column xsi:type="varchar" name="email" nullable="false" length="112" comment="Email"/>
    <column xsi:type="varchar" name="subject" nullable="false" length="255" comment="Subject "/>
    <column xsi:type="varchar" name="message" nullable="false" length="255" comment="Message"/>
    <column xsi:type="varchar" name="telephone" nullable="false" length="11" comment="Telephone"/>
    <column xsi:type="smallint" name="status" padding="6" unsigned="false" nullable="true" identity="false" comment="Status"/>
    <column xsi:type="text" name="remarks" nullable="true" comment="Remarks"/>
    <column xsi:type="timestamp" name="created_at" on_update="false" nullable="true" comment="Updated At"/>
    <constraint xsi:type="primary" referenceId="PRIMARY">
      <column name="entity_id"/>
    </constraint>
  </table>
</schema>
