<?xml version="1.0"?>
<config xmlns:xsi="http://www.w3.org/2001/XMLSchema-instance" xsi:noNamespaceSchemaLocation="urn:magento:module:Magento_Config:etc/system_file.xsd">
    <system>
        <tab id="purplecommerce" translate="label" sortOrder="10">
            <label>purplecommerce</label>
        </tab>
        <section id="advancedwishlist" translate="label" sortOrder="130" showInDefault="1" showInWebsite="1" showInStore="1">
            <class>separator-top</class>
            <label>AdvancedWishlist</label>
            <tab>purplecommerce</tab>
            <resource>PurpleCommerce_AdvancedWishlist::advancedwishlist_config</resource>
            <group id="general" translate="label" type="text" sortOrder="10" showInDefault="1" showInWebsite="0" showInStore="0">
                <label>General Configuration</label>
                <field id="enable" translate="label" type="select" sortOrder="1" showInDefault="1" showInWebsite="0" showInStore="0">
                    <label>Module Enable</label>
                    <source_model>Magento\Config\Model\Config\Source\Yesno</source_model>
                </field>
                <field id="include_price" translate="label" type="select" sortOrder="12" showInDefault="1" showInWebsite="0" showInStore="0">
                    <label>Include Price in Email</label>
                    <source_model>Magento\Config\Model\Config\Source\Yesno</source_model>
                </field>
                <field id="campaign_medium" translate="label" type="text" sortOrder="16" showInDefault="1" showInWebsite="0" showInStore="0">
                    <label>Campaign Medium</label>
                    <validate>validate-email</validate>
                    <comment>Email id of sender. Used to sharing purposes.</comment>
                </field>
                <field id="campaign_source" translate="label" type="text" sortOrder="16" showInDefault="1" showInWebsite="0" showInStore="0">
                    <label>Campaign Source</label>
                    <comment>Comma seprated emails</comment>
                </field>
            </group>
        </section>
    </system>
</config>