<?xml version="1.0"?>
<schema xmlns:xsi="http://www.w3.org/2001/XMLSchema-instance" xsi:noNamespaceSchemaLocation="urn:magento:framework:Setup/Declaration/Schema/etc/schema.xsd">
  <table name="pc_wishlist" resource="default" engine="innodb" comment="Row Data Table">
    <column xsi:type="int" name="wishlist_id" padding="11" unsigned="false" nullable="false" identity="true" comment="Wishlist Id"/>
    <column xsi:type="int" name="customer_id" padding="11" unsigned="false" nullable="false" comment="Customer Id "/>
    <column xsi:type="varchar" name="wishlist_name" nullable="false" length="255" comment="Wishlist Name"/>
    <column xsi:type="smallint" name="is_default" padding="6" unsigned="false" nullable="true" identity="false" comment="Is defult wishlist"/>
    <column xsi:type="smallint" name="sortorder" padding="6" unsigned="false" nullable="true" identity="false" comment="sortorder"/>
    <column xsi:type="timestamp" name="created_at" on_update="false" nullable="true" comment="Created At"/>
    <constraint xsi:type="primary" referenceId="PRIMARY">
      <column name="wishlist_id"/>
    </constraint>
  </table>
  <table name="pc_wishlist_items" resource="default" engine="innodb" comment="Row Data Table">
    <column xsi:type="int" name="entity_id" padding="11" unsigned="false" nullable="false" identity="true" comment="Wishlist item Id"/>
    <column xsi:type="int" name="product_id" padding="11" unsigned="false" nullable="false" comment="Product Id "/>
    <column xsi:type="int" name="wishlist_id" padding="11" unsigned="false" nullable="false" identity="false" comment="Wishlist Id"/>
    <column xsi:type="smallint" name="sortorder" padding="6" unsigned="false" nullable="true" identity="false" comment="sortorder"/>
    <constraint xsi:type="primary" referenceId="PRIMARY">
      <column name="entity_id"/>
    </constraint>
    <constraint 
      xsi:type="foreign"
      table="pc_wishlist_items"
      column="wishlist_id"
      referenceTable="pc_wishlist"
      referenceColumn="wishlist_id"
      onDelete="CASCADE"/>
  </table>
  <table name="pc_shared_wishlists" resource="default" engine="innodb" comment="Row Data Table">
    <column xsi:type="int" name="entity_id" padding="11" unsigned="false" nullable="false" identity="true" comment="Tickets Record Id"/>
    <column xsi:type="text" name="receiver_email_ids" nullable="false" comment="comma separated email"/>
    <column xsi:type="int" name="customer_id" padding="11" unsigned="false" nullable="false" comment="Customer Id "/>
    <column xsi:type="int" name="wishlist_id" padding="11" unsigned="false" nullable="false" identity="false" comment="Wishlist Id"/>
    <column xsi:type="varchar" name="name" nullable="false" length="255" comment="Receiver name"/>
    <column xsi:type="timestamp" name="created_at" on_update="false" nullable="true" comment="Created At"/>
    <constraint xsi:type="primary" referenceId="PRIMARY">
      <column name="entity_id"/>
    </constraint>
    <constraint 
      xsi:type="foreign"
      table="pc_shared_wishlists"
      column="wishlist_id"
      referenceTable="pc_wishlist"
      referenceColumn="wishlist_id"
      onDelete="CASCADE"/>
  </table>
</schema>
