{
    "pc_wishlist": {
        "column": {
            "wishlist_id": true,
            "customer_id": true,
            "wishlist_name": true,
            "is_default": true,
            "sortorder": true,
            "created_at": true
        },
        "constraint": {
            "PRIMARY": true
        }
    },
    "pc_wishlist_items": {
        "column": {
            "entity_id": true,
            "product_id": true,
            "wishlist_id": true,
            "sortorder": true
        },
        "constraint": {
            "PRIMARY": true,
            "PC_WISHLIST_ITEMS_WISHLIST_ID_PC_WISHLIST_WISHLIST_ID": true
        }
    },
    "pc_shared_wishlists": {
        "column": {
            "entity_id": true,
            "receiver_email_ids": true,
            "customer_id": true,
            "wishlist_id": true,
            "name": true,
            "created_at": true
        },
        "constraint": {
            "PRIMARY": true,
            "PC_SHARED_WISHLISTS_WISHLIST_ID_PC_WISHLIST_WISHLIST_ID": true
        }
    }
}